CaseRange,Topic,Summary
100,ant,"Ants are social insects that form highly organized colonies or nests. They are found on every continent except Antarctica and exhibit extraordinary teamwork. Worker ants forage for food, which is then brought back to the colony to be shared with the queen, larvae, and other members of the colony. Some species of ants even engage in farming, cultivating fungi or herding aphids for their sugary secretions. Ants communicate through pheromones, which help them coordinate tasks such as foraging, defense, and nest maintenance. Their strength, discipline, and ability to work together make them a marvel of the insect world, and their presence is essential for many ecosystems."
100,moth,"Moths are nocturnal insects closely related to butterflies, but they are typically more robust and less colorful. Moths are attracted to light sources due to their navigational instincts, which can sometimes lead to their unintentional demise near bright lights. Their larvae, known as caterpillars, can be destructive to crops and fabrics, but adult moths play important roles in ecosystems, such as being food sources for predators and pollinators for certain plants. Moths have a unique defense mechanism where some species can blend into their surroundings to avoid predators, an ability enhanced by the scales on their wings. Their fascinating behavior and adaptability make them a key component of the insect world."
200,public health advisor,"Public Health Advisors working in federal government positions focus on promoting the well-being of the population, particularly in response to health crises such as pandemics, natural disasters, or environmental hazards. They develop and implement health policies, coordinate with local health agencies, and track disease outbreaks to protect communities. Public Health Advisors often work with the Centers for Disease Control and Prevention (CDC) or other federal health agencies. The position demands expertise in epidemiology, health promotion, and crisis management. These professionals are also responsible for educating the public about health risks and preventative measures to improve overall community health outcomes."
300,Pyramids of Giza,"The Pyramids of Giza, located on the Giza Plateau near Cairo, Egypt, are ancient burial structures built for the pharaohs during the Fourth Dynasty of Egypt's Old Kingdom, around 2580 2560 BCE. The most famous of these is the Great Pyramid of Giza, built for Pharaoh Khufu. Originally standing at 481 feet, it was the tallest man-made structure for thousands of years. Made from about 2.3 million limestone and granite blocks, it is an architectural marvel. The pyramid is perfectly aligned with the cardinal directions, showcasing advanced engineering skills. Inside, the King's Chamber houses Khufu s sarcophagus, while the Queen's Chamber remains a subject of mystery. The pyramid was once covered in smooth, reflective limestone casing, enhancing its shine under the sun, but much of this has been removed over time.
The second pyramid, built for Pharaoh Khafre, is slightly smaller but stands on higher ground, making it appear taller. It retains some of its original limestone casing at the top, offering a glimpse of its former gleaming appearance. Nearby is the Great Sphinx of Giza, a massive limestone statue with the body of a lion and the head of a pharaoh, believed to represent Khafre. The third pyramid, the Pyramid of Menkaure, is the smallest of the three, but still a remarkable structure. Together, the pyramids, along with the surrounding complex of temples and smaller tombs, are testament to the grandeur and sophistication of ancient Egyptian civilization, remaining one of the most enduring mysteries and attractions of the ancient world."
300,Eiffel Tower,"The Eiffel Tower, located in Paris, France, is a wrought-iron lattice tower that was completed in 1889 as the entrance arch for the 1889 World s Fair. Designed by engineer Gustave Eiffel, it was initially met with skepticism due to its modern design and towering height, but it has since become one of the most iconic landmarks in the world. Standing 1,083 feet tall, the Eiffel Tower offers panoramic views of Paris from its observation decks. Today, it is one of the most visited paid monuments in the world and a symbol of French artistry, engineering, and innovation. The tower s sleek design and its romantic association with Paris make it a global cultural icon."
400,french,"French is a Romance language spoken by approximately 300 million people worldwide. It is an official language in 29 countries, including France, Canada, and several African nations. Known for its influence on art, philosophy, and diplomacy, French is often considered a language of culture and international relations."
400,german,"German is a West Germanic language spoken by over 90 million people, primarily in Germany, Austria, and Switzerland, as well as parts of Belgium and Luxembourg. It is the most widely spoken native language in Europe and is known for its precision and structure. German is the language of major thinkers like Karl Marx, Friedrich Nietzsche, and Albert Einstein, and its philosophical and scientific contributions have shaped Western thought. The language uses the Latin alphabet but features umlauts ( ,  ,  ) and the sharp S ( ), which affect pronunciation and meaning. German grammar can be challenging due to its case system (nominative, accusative, genitive, and dative), where nouns, articles, and adjectives change form depending on their role in a sentence. Additionally, German syntax often places verbs at the end of sentences, which can be tricky for learners. However, German is highly logical and consistent, with relatively few exceptions to its rules. It is also an essential language in the fields of engineering, philosophy, and classical music. German speakers enjoy a rich tradition in literature and arts, from the works of Goethe and Schiller to the compositions of Bach and Beethoven. As the primary language of business in much of Europe, German is highly valued in the global job market."
500,mexico's president,"Mexico's President, Andr s Manuel L pez Obrador (AMLO), took office in December 2018. A member of the National Regeneration Movement (MORENA), AMLO has centered his policies on social justice, poverty reduction, and economic self-sufficiency. His approach includes expanding public welfare programs, promoting national energy independence, and reducing corruption in government. One of his most notable efforts has been the creation of the  Welfare Revolution,  which aims to increase social spending, providing support to the elderly, students, and marginalized communities. L pez Obrador s government has also focused on improving Mexico s security situation, which has been plagued by drug violence and organized crime. However, his administration has faced criticism for its handling of the economy, particularly its decision to halt major energy projects and the uncertainty it has caused in foreign investment. Despite challenges, AMLO maintains a strong base of support among the country s lower-income populations, who see him as a champion for social change. His presidency has significantly impacted Mexican politics, steering the country towards a more left-wing stance, and his influence extends to both national policy and regional affairs, including trade agreements like the USMCA (formerly NAFTA)."
600,democracy,"Democracy is a system of government where power is vested in the people, who exercise it directly or through elected representatives. It values individual freedoms, participation, and equality. Common forms include direct democracy, where citizens vote on policies directly, and representative democracy, where they elect leaders to make decisions."
600,republic,"A republic is a form of government where the country is considered a \"public matter,\" and the head of state is elected rather than being a hereditary monarch. In republics, the people elect representatives to make decisions on their behalf, and the government is accountable to the people and governed by laws. Unlike democracies, which directly empower citizens to participate in decision-making, republics often rely on a representative democracy where elected officials legislate on behalf of the citizens. A key feature of a republic is the rule of law, meaning that no one, not even government leaders, is above the law. This helps ensure fairness and justice in the system. Republics can vary in structure, ranging from parliamentary republics, like India, where the head of state is separate from the head of government, to presidential republics, like the United States, where the president serves as both the head of state and government. In a republic, the constitution plays an important role in establishing the powers of the government, protecting individual rights, and outlining the process for electing leaders. Republics are commonly seen as a form of government that emphasizes individual rights, fairness, and the active participation of citizens in the political process."
700,bat,"Bats are the only mammals capable of sustained flight, making them one of the most fascinating and unique creatures in the animal kingdom. Belonging to the order Chiroptera, bats are incredibly diverse, with over 1,400 species found across nearly every part of the world, except in extreme desert and polar regions. They are often misunderstood and overlooked, but bats play a critical role in ecosystems through their behavior and feeding habits.
Bats are generally classified into two major suborders: Megachiroptera, which includes the large fruit bats or ""flying foxes,"" and Microchiroptera, which consists of smaller insectivorous bats. Fruit bats, or flying foxes, are typically larger, with wingspans that can exceed 6 feet in some species, and they are primarily found in tropical regions. The majority of bat species, however, are insectivorous, feeding on a wide range of insects, including mosquitoes, moths, beetles, and flies. Some bat species also feed on nectar, fruit, small vertebrates, or even blood.
One of the most remarkable aspects of bats is their ability to fly. Their wings are a modified form of the mammalian forelimb, consisting of a thin membrane of skin stretched between elongated finger bones. This unique wing structure allows bats to have highly maneuverable flight, enabling them to hover in place, fly at high speeds, and even navigate through complex environments, such as caves or dense forests. Their flight is powered by strong muscles and a flexible, lightweight skeleton, and their wing shape and size vary significantly depending on their species and the type of flight they perform."
700,dolphin,"Dolphins are highly intelligent marine creatures known for their playful behavior and complex social structures. They belong to the Cetacea order, along with whales and porpoises, and are characterized by their streamlined bodies, which make them excellent swimmers. Dolphins use echolocation to navigate and hunt, emitting sound waves that bounce off objects, helping them locate prey and avoid obstacles. These creatures are often found in groups, or pods, and exhibit strong social bonds, working together to herd fish and protect one another from predators. They are known for their communication skills, using a variety of vocalizations and body language. Bottlenose dolphins, the most well-known species, are frequently seen in aquariums and are often trained to interact with humans, showcasing their intelligence and ability to learn complex tasks. Dolphins are carnivorous, feeding on fish, squid, and other marine organisms. In the wild, their diet varies depending on their habitat, with some species relying more heavily on fish, while others focus on squid. Dolphins are threatened by habitat destruction, pollution, and hunting in certain regions. Despite these challenges, many species of dolphins are protected by international conservation laws, and their populations are monitored to ensure their survival in the wild."
800,jellyfish,"Jellyfish are fascinating creatures that inhabit oceans worldwide, from shallow coastal waters to the deep sea. They are known for their gelatinous, translucent bodies and their ability to sting with specialized cells called nematocysts, which release venom to capture prey or defend against predators. Jellyfish are members of the phylum Cnidaria and are made up of about 95% water, giving them their characteristic soft, squishy appearance. Despite their simplicity, jellyfish have been around for more than 500 million years, making them one of the oldest living creatures. They lack a brain and central nervous system, instead relying on a simple nerve net to detect changes in their environment. Jellyfish feed on small fish, plankton, and other marine organisms, using their tentacles to capture and immobilize their prey. Some species, like the lion s mane jellyfish, can grow up to 8 feet in diameter, with tentacles that can stretch up to 100 feet long. Although jellyfish are important to the marine food web, their populations can fluctuate dramatically. In recent years, jellyfish blooms have increased in certain regions, often attributed to factors like overfishing, climate change, and pollution. While these blooms can disrupt ecosystems and local fisheries, jellyfish remain an integral part of the ocean s biodiversity."
900,Japanese Food,"Japanese cuisine is renowned for its fresh, seasonal ingredients and subtle flavors. Dishes like sushi, sashimi, and ramen highlight seafood, rice, and vegetables. The minimalist approach prioritizes ingredient quality, with light seasonings such as soy sauce, wasabi, and pickled ginger, emphasizing natural tastes and harmony in each dish."
900,Indian Food,"Indian cuisine is celebrated for its complex, flavorful dishes, shaped by a diverse cultural and regional history. Spices like cumin, coriander, turmeric, and garam masala give Indian food its signature aroma and taste. Northern India is known for hearty dishes like butter chicken, naan, and biryani, often rich with ghee and spices. In contrast, the south offers lighter meals featuring rice, coconut, and tamarind, such as dosas, idlis, and sambar. Vegetarianism is prevalent in Indian cuisine due to cultural and religious influences, with lentils, beans, and vegetables forming the base of many curries and stews. Meals typically consist of multiple components, including dal (lentil soup), vegetable curries, and pickles, paired with rice or flatbreads like roti or chapati. Yogurt also plays an important role, serving as a cooling side to spicy dishes or as a base for sauces like raita. Indian food celebrates diversity, with each region showcasing its own specialties that reflect local ingredients, traditions, and customs, offering a flavorful journey through the country's culinary heritage."
1000,toyota corolla,"The Toyota Corolla is a reliable and fuel-efficient compact car that has been a global favorite for decades. Known for its low maintenance costs, smooth ride, and strong resale value, it offers various trim levels with modern tech features and advanced safety options, making it an excellent choice for everyday driving."
1000,ford mustang,"The Ford Mustang is an iconic American muscle car that has become a symbol of power, performance, and style since its debut in the 1960s. Known for its bold design and powerful engines, the Mustang has undergone several updates while maintaining its legacy. The 2024 model offers a range of engines, including a 2.3-liter turbocharged four-cylinder and a V8 engine, providing drivers with impressive horsepower and torque. The Mustang s aggressive styling, with its sleek lines and signature grille, is complemented by modern tech features such as a digital dashboard and an advanced infotainment system. Inside, the cabin offers a mix of comfort and performance, with options for leather seating and high-quality materials. The Mustang is also known for its performance handling, with rear-wheel drive and various driving modes that allow drivers to customize their driving experience. The Mustang s combination of classic muscle car heritage and contemporary performance makes it a favorite among car enthusiasts who value power, speed, and design. The 2024 Mustang offers more than just a car; it represents a lifestyle and a connection to a long history of American automotive excellence."
